Unnamed: 0	year	title	abstract	Targeted organisms	Technical target	Methods	Topics
106	2025	Clinical assessment and transcriptome analysis of host immune responses in a vaccination-challenge study using a glycoprotein G deletion mutant vaccine strain of infectious laryngotracheitis virus	A glycoprotein-G-deleted live-attenuated vaccine strain of the infectious laryngotracheitis virus (ILTV), ΔgG-ILTV, is safe and efficacious against ILTV challenge. In the current study, the transcriptome of peripheral blood mononuclear cells (PBMCs) of the ΔgG-ILTV-vaccinated group of specific-pathogen-free chickens were compared to those of the nonvaccinated group at 7 days post-vaccination. Tracheal transcriptomes after challenge with virulent ILTV were compared between groups of the non-vaccinated-challenged and the vaccinated-challenged as well as the non-vaccinated-challenged and the uninfected chickens at 4 to 5 days post-challenge. The clinical outcomes after challenge between these groups were also evaluated. Significant differences were observed in the tracheal transcriptome of the non-vaccinated-challenged birds compared to the other two groups. Enriched gene ontologies and pathways that indicated heightened immune responses and impairments to ciliary and neuronal functions, cell junction components, and potential damages to cartilaginous and extracellular components in the trachea of the non-vaccinated-challenged birds were consistent with their severe tracheal pathology compared to the other two groups. On the contrary, the absence of any difference in the tracheal transcriptome between the vaccinated-challenged and the uninfected birds were reflected by the preservation of tracheal mucosal integrity in both groups and mild infiltration of leukocytes in the vaccinated-challenged birds. The results from this study demonstrated that vaccination with ΔgG-ILTV prevented the changes in tracheal transcriptome induced during ILTV challenge, resulting in clinical protection. Additionally, these results also provide insights into the molecular mechanisms underlying the tracheal pathology induced by ILTV infection.	Virus, Pathogen	Functional analysis	(Meta)transcriptomics	Ecosystem Dynamics & Biodiversity, Health & Disease
207	2024	Gene expression reprogramming of Pseudomonas alloputida in response to arginine through the transcriptional regulator ArgR	Abstract Different bacteria change their life styles in response to specific amino acids. In Pseudomonas putida (now alloputida) KT2440, arginine acts both as an environmental and a metabolic indicator that modulates the turnover of the intracellular second messenger c-di-GMP, and expression of biofilm-related genes. The transcriptional regulator ArgR, belonging to the AraC/XylS family, is key for the physiological reprogramming in response to arginine, as it controls transport and metabolism of the amino acid. To further expand our knowledge on the roles of ArgR, a global transcriptomic analysis of KT2440 and a null argR mutant growing in the presence of arginine was carried out. Results indicate that this transcriptional regulator influences a variety of cellular functions beyond arginine metabolism and transport, thus widening its regulatory role. ArgR acts as positive or negative modulator of the expression of several metabolic routes and transport systems, respiratory chain and stress response elements, as well as biofilm-related functions. The partial overlap between the ArgR regulon and those corresponding to the global regulators RoxR and ANR is also discussed.	Bacteria	Functional analysis	(Meta)transcriptomics	Ecosystem Dynamics & Biodiversity
270	2023	Systematic SARS-CoV-2 S Gene Sequencing in Wastewater Samples Enables Early Lineage Detection and Uncovers Rare Mutations in Portugal	As the COVID-19 pandemic reached its peak, many countries implemented genomic surveillance systems to track the evolution and transmission of SARS-CoV-2. Transition from the pandemic to the endemic phase prioritized alternative testing strategies to maintain effective epidemic surveillance at the population level, with less intensive sequencing efforts. One such promising approach was Wastewater-Based Surveillance (WBS), which offers non-invasive, cost-effective means for analysing virus trends at the sewershed level. From 2020 onwards, wastewater has been recognized as an instrumental source of information for public health, with national and international authorities exploring options to implement national wastewater surveillance systems and increasingly relying on WBS as early warning of potential pathogen outbreaks. In Portugal, several pioneer projects joined the academia, water utilities and Public Administration around WBS. To validate WBS as an effective genomic surveillance strategy, it is crucial to collect long term performance data. In this work, we present one year of systematic SARS-CoV-2 wastewater surveillance in Portugal, representing 35% of the mainland population. We employed two complementary methods for lineage determination - allelic discrimination by RT-PCR and S gene sequencing. This combination allowed us to monitor variant evolution in near-real-time and identify low-frequency mutations. Over the course of this year-long study, spanning from May 2022 to April 2023, we successfully tracked the dominant Omicron sub-lineages, their progression and evolution, which aligned with concurrent clinical surveillance data. Our results underscore the effectiveness of WBS as a tracking system for virus variants, with the ability to unveil mutations undetected via massive sequencing of clinical samples from Portugal, demonstrating the ability of WBS to uncover new mutations and detect rare genetic variants. Our findings emphasize that knowledge of the genetic diversity of SARS-CoV-2 at the population level can be extended far beyond via the combination of routine clinical genomic surveillance with wastewater sequencing and genotyping.	Virus, Pathogen	Community (taxonomy) profiling, Variant	(Meta)genomics	Ecosystem Dynamics & Biodiversity, Health & Disease
490	2023	Comparative Microbiome Analysis of Three Epidemiologically Important Tick Species in Latvia	(1) Background: Amplicon-based 16S rRNA profiling is widely used to study whole communities of prokaryotes in many niches. Here, we comparatively examined the microbial composition of three tick species, Ixodes ricinus, Ixodes persulcatus and Dermacentor reticulatus, which were field-collected in Latvia. (2) Methods: Tick DNA samples were used for microbiome analysis targeting bacterial 16S rDNA using next-generation sequencing (NGS). (3) Results: The results showed significant differences in microbial species diversity and composition by tick species and life stage. A close similarity between microbiomes of I. ricinus and I. persulcatus ticks was observed, while the D. reticulatus microbiome composition appeared to be more distinct. Significant differences in alpha and beta microbial diversity were observed between Ixodes tick life stages and sexes, with lower taxa richness indexes obtained for female ticks. The Francisella genus was closely associated with D. reticulatus ticks, while endosymbionts Candidatus Midichlorii and Candidatus Lariskella were associated with I. ricinus and I. persulcatus females, respectively. In I. ricinus females, the endosymbiont load negatively correlated with the presence of the Rickettsia genus. (4) Conclusions: The results of this study revealed important associations between ticks and their microbial community and highlighted the microbiome features of three tick species in Latvia.	Bacteria, Microbiome	Community (taxonomy) profiling, Comparative analysis	Metabarcoding	Ecosystem Dynamics & Biodiversity, Health & Disease
1096	2025	Genomic Differences Between Two Fusarium oxysporum Formae Speciales Causing Root Rot in Cucumber	The host specificity of Fusarium oxysporum (Fox) formae speciales has been reported to be linked to effector proteins known as Secreted in Xylem (SIX). These genes are associated with the non-autonomous mobile element miniature impala (mimp), normally distributed on the accessory chromosomes. The pattern of mimp associated with effector genes has been used to predict candidate effector profiles which characterize Fox formae speciales. In this study, we demonstrate the pathogenicity of strains Fusarium oxysporum f.sp. radicis-lycopersici (Forl) ZUM2407 and Fusarium oxysporum f.sp. radicis-cucumerinum (Forc) V03-2g in a common host plant (cucumber) and compare their genomes. The Forl ZUM2407 genome lacks SIX genes and their homologs, in contrast to Forc V03-2g. We predicted the total number of mimp elements in the genome of Forl ZUM2407 to be three-fold less than that of Forc V03-2g (10 and 36 copies, respectively). The mimp distribution pattern in Forl ZUM2407 was completely different from that present in Forc V03-2g. Candidate effector profile analysis did not predict that Forl ZUM2407 was able to infect cucumber plants like Forc V03-2g. Therefore, we assume that Forl ZUM2407 has a different type of genome organization associated with pathogenicity, whose effector profile cannot be described using the mimp-based approach.	Pathogen		(Meta)genomics	Ecosystem Dynamics & Biodiversity, Health & Disease
1123	2022	Life is in the air: An expedition into the Amazonian atmosphere	Biological particles suspended in the atmosphere have a crucial role in the dynamics of the biosphere underneath. Although much attention is paid for the chemical and physical properties of these particles, their biological taxonomic identity, which is relevant for ecological research, remains little studied. We took air samples at 300 meters above the forest in central Amazonia, in seven periods of 7 days, and used high-throughput DNA sequencing techniques to taxonomically identify airborne fungal and plant material. The use of a molecular identification technique improved taxonomic resolution when compared to morphological identification. This first appraisal of airborne diversity showed that fungal composition was strikingly different from what has been recorded in anthropogenic regions. For instance, basidiospores reached 30% of the OTUs instead of 3–5% as found in the literature; and the orders Capnodiales and Eurotiales—to which many allergenic fungi and crop pathogens belong—were much less frequently recorded than Pleosporales, Polyporales, and Agaricales. Plant OTUs corresponded mainly to Amazonian taxa frequently present in pollen records such as the genera Helicostilys and Cecropia and/or very abundant in the region such as Pourouma and Pouteria. The origin of extra-Amazonian plant material is unknown, but they belong to genera of predominantly wind-pollinated angiosperm families such as Poaceae and Betulaceae. Finally, the detection of two bryophyte genera feeds the debate about the role of long distance dispersal in the distribution of these plants.	Pathogen	Community (taxonomy) profiling		Ecosystem Dynamics & Biodiversity, Health & Disease
1207	2017	The utility and perspectives of NGS-based methods in BSL-3 and BSL-4 laboratory – sequencing and analysis strategies	Abstract Modern diagnostics is in general based on molecular biology methods. Nowadays sequencing-based methods, especially whole genome sequencing, are becoming increasingly important. Implementation of such methods into routine diagnostic of highly dangerous pathogens, like Bacillus anthracis, Francisella tularensis, Yersinia pestis, Ebola virus, MERS, Lassa virus etc. would be very helpful. The best diagnostic strategy would be the metagenomic sequencing directly from the clinical sample. Implementation of majority of currently available WGS platforms inside the BSL-3 or 4 laboratory is impractical because of the size of the equipment and time consuming wet lab part (e.g. library preparation). Nowadays there is a possibility to implement pocket size MinION - real time whole genome sequencer into BSL-3 and 4 laboratory for rapid and precise diagnostic purposes.	Virus, Pathogen		(Meta)genomics, Metagenomics	Health & Disease
1248	2013	The role of brachyury in the pathogenesis of chordoma		Pathogen			Health & Disease
1251	2012	VAR‐MD: A tool to analyze whole exome–genome variants in small human pedigrees with mendelian inheritance	The analysis of variants generated by exome sequencing (ES) of families with rare Mendelian diseases is a time‐consuming, manual process that represents one barrier to applying the technology routinely. To address this issue, we have developed a software tool, VAR‐MD (http://research.nhgri.nih.gov/software/var‐md/), for analyzing the DNA sequence variants produced by human ES. VAR‐MD generates a ranked list of variants using predicted pathogenicity, Mendelian inheritance models, genotype quality, and population variant frequency data. VAR‐MD was tested using two previously solved data sets and one unsolved data set. In the solved cases, the correct variant was listed at the top of VAR‐MD's variant ranking. In the unsolved case, the correct variant was highly ranked, allowing for subsequent identification and validation. We conclude that VAR‐MD has the potential to enhance mutation identification using family based, annotated next generation sequencing data. Moreover, we predict an incremental advancement in software performance as the reference databases, such as Single Nucleotide Polymorphism Database and Human Gene Mutation Database, continue to improve. Hum Mutat 33:593–598, 2012. © 2012 Wiley Periodicals, Inc. * This article is a US Government work and, as such, is in the public domain of the United States of America.	Pathogen	Variant	(Meta)genomics	Health & Disease
1267	2016	Utility of next‐generation RNA‐sequencing in identifying chimeric transcription involving human endogenous retroviruses		Virus			
1437	2023	Population genomics-guided engineering of phenazine biosynthesis in Pseudomonas chlororaphis	The emergence of next-generation sequencing (NGS) technologies has made it possible to not only sequence entire genomes, but also identify metabolic engineering targets across the pangenome of a microbial population. This study leverages NGS data as well as existing molecular biology and bioinformatics tools to identify and validate genomic signatures for improving phenazine biosynthesis in Pseudomonas chlororaphis. We sequenced a diverse collection of 34 Pseudomonas isolates using short- and long-read sequencing techniques and assembled whole genomes using the NGS reads. In addition, we assayed three industrially relevant phenotypes (phenazine production, biofilm formation, and growth temperature) for these isolates in two different media conditions. We then provided the whole genomes and phenazine production data to a unitig-based microbial genome-wide association study (mGWAS) tool to identify novel genomic signatures responsible for phenazine production in P. chlororaphis. Post-processing of the mGWAS analysis results yielded 330 significant hits influencing the biosynthesis of one or more phenazine compounds. Based on a quantitative metric (called the phenotype score), we elucidated the most influential hits for phenazine production and experimentally validated them in vivo in the most optimal phenazine producing strain. Two genes significantly increased phenazine-1-carboxamide (PCN) production: a histidine transporter (ProY_1), and a putative carboxypeptidase (PS__04251). A putative MarR-family transcriptional regulator decreased PCN titer when overexpressed in a high PCN producing isolate. Overall, this work seeks to demonstrate the utility of a population genomics approach as an effective strategy in enabling identification of targets for metabolic engineering of bioproduction hosts.		Isolate	(Meta)genomics	Ecosystem Dynamics & Biodiversity
1456	2023	Soil Microbial Community Responses to Different Management Strategies in Almond Crop	A comparative study of organic and conventional farming systems was conducted in almond orchards to determine the effect of management practices on their fungal and bacterial communities. Soils from two orchards under organic (OM) and conventional (CM), and nearby nonmanaged (NM) soil were analyzed and compared. Several biochemical and biological parameters were measured (soil pH, electrical conductivity, total nitrogen, organic material, total phosphorous, total DNA, and fungal and bacterial DNA copies). Massive parallel sequencing of regions from fungal ITS rRNA and bacterial 16 S genes was carried out to characterize their diversity in the soil. We report a larger abundance of bacteria and fungi in soils under OM, with a more balanced fungi:bacteria ratio, compared to bacteria-skewed proportions under CM and NM. The fungal phylum Ascomycota corresponded to around the 75% relative abundance in the soil, whereas for bacteria, the phyla Proteobacteria, Acidobacteriota and Bacteroidota integrated around 50% of their diversity. Alpha diversity was similar across practices, but beta diversity was highly clustered by soil management. Linear discriminant analysis effect size (LEfSE) identified bacterial and fungal taxa associated with each type of soil management. Analyses of fungal functional guilds revealed 3–4 times larger abundance of pathogenic fungi under CM compared to OM and NM treatments. Among them, the genus Cylindrocarpon was more abundant under CM, and Fusarium under OM.	Bacteria, Microbiome, Pathogen	Community (taxonomy) profiling, Functional analysis, Comparative analysis	Metabarcoding	Ecosystem Dynamics & Biodiversity, Health & Disease
1461	2023	Hfq protein and GcvB small RNA tailoring of oppA target mRNA to levels allowing translation activation by MicF small RNA in Escherichia coli	ABSTRACT Traffic of molecules across the bacterial membrane mainly relies on porins and transporters, whose expression must adapt to environmental conditions. To ensure bacterial fitness, synthesis and assembly of functional porins and transporters are regulated through a plethora of mechanisms. Among them, small regulatory RNAs (sRNAs) are known to be powerful post-transcriptional regulators. In Escherichia coli, the MicF sRNA is known to regulate only four targets, a very narrow targetome for a sRNA responding to various stresses, such as membrane stress, osmotic shock, or thermal shock. Using an in vivo pull-down assay combined with high-throughput RNA sequencing, we sought to identify new targets of MicF to better understand its role in the maintenance of cellular homoeostasis. Here, we report the first positively regulated target of MicF, the oppA mRNA. The OppA protein is the periplasmic component of the Opp ATP-binding cassette (ABC) oligopeptide transporter and regulates the import of short peptides, some of them bactericides. Mechanistic studies suggest that oppA translation is activated by MicF through a mechanism of action involving facilitated access to a translation-enhancing region in oppA 5ʹUTR. Intriguingly, MicF activation of oppA translation depends on cross-regulation by negative trans-acting effectors, the GcvB sRNA and the RNA chaperone protein Hfq.	Bacteria	Functional analysis, MAGs		Ecosystem Dynamics & Biodiversity
1591	2022	MLO Proteins from Tomato (Solanum lycopersicum L.) and Related Species in the Broad Phylogenetic Context	MLO proteins are a family of transmembrane proteins in land plants that play an important role in plant immunity and host–pathogen interactions, as well as a wide range of development processes. Understanding the evolutionary history of MLO proteins is important for understanding plant physiology and health. In the present work, we conducted a phylogenetic analysis on a large set of MLO protein sequences from publicly available databases, specifically emphasising MLOs from the tomato plant and related species. As a result, 4886 protein sequences were identified and used to construct a phylogenetic tree. In comparison to previous findings, we identified nine phylogenetic clades, revealed the internal structure of clades I and II as additional clades and showed the presence of monocotyledon species in all MLO clades. We identified a set of 19 protein motifs that allowed for the identification of particular clades. Sixteen SlMLO proteins from tomato were located in the phylogenetic tree and identified in relation to homologous sequences from other Solanaceae species. The obtained results could be useful for further work on the use of MLO proteins in the study of mildew resistance in Solanaceae and other plant families.	Pathogen	Interactome, AMR		Ecosystem Dynamics & Biodiversity, Health & Disease
1620	2022	Infection with Listeria monocytogenes alters the placental transcriptome and eicosanome	Introduction Placental infection and inflammation are risk factors for adverse pregnancy outcomes, including preterm labor. However, the mechanisms underlying these outcomes are poorly understood. Methods To study this response, we have employed a pregnant mouse model of placental infection caused by the bacterial pathogen Listeria monocyogenes, which infects the human placenta. Through in vivo bioluminescence imaging, we confirm the presence of placental infection and quantify relative infection levels. Infected and control placentas were collected on embryonic day 18 for RNA sequencing to evaluate gene expression signatures associated with infection by Listeria. Results We identified an enrichment of genes associated with eicosanoid biosynthesis, suggesting an increase in eicosanoid production in infected tissues. Because of the known importance of eicosanoids in inflammation and timing of labor, we quantified eicosanoid levels in infected and uninfected placentas using semi-targeted mass spectrometry. We found a significant increase in the concentrations of several key eicosanoids: leukotriene B4, lipoxin A4, prostaglandin A2, prostaglandin D2, and eicosatrienoic acid. Discussion Our study provides a likely explanation for dysregulation of the timing of labor following placental infection. Further, our results suggest potential biomarkers of placental pathology and targets for clinical intervention.	Bacteria, Pathogen	Gene identification / Biomarker	(Meta)transcriptomics, (Meta)proteomics, Imaging	Health & Disease
2367	2018	A cohabiting bacterium alters the spectrum of short RNAs secreted by Escherichia coli	Recently, it has been found that bacteria secrete short RNAs able to affect gene expression in eukaryotic cells, while certain mammalian microRNAs shape the gut microbiome altering bacterial transcriptome. The involvement of bacterial RNAs in communication with other bacteria is also expected, but has not been documented yet. Here, we compared the fractions of extremely short (12-22 nucleotides) RNAs secreted by Escherichia coli grown in a pure culture and jointly with bacteria of the Paenibacillus genus. Besides fragments of rRNAs and tRNAs, abundant in all samples, secreted oligonucleotides (exoRNAs) predominantly contained GC-rich fragments of messenger and antisense RNAs processed from regions with stable secondary structures. They differed in composition from oligonucleotides of intracellular fraction, where fragments of small regulatory RNAs were prevalent. Both fractions contained RNAs capable of forming complementary duplexes, while for exoRNA samples a higher percentage of 3΄-end modified RNAs and different endonuclease cleavage were detected. The presence of a cohabiting bacterium altered the spectrum of E. coli exoRNAs, indicating a population-dependent control over their composition. Possible mechanisms of this effect are discussed.	Bacteria, Eukaryote, Microbiome		(Meta)transcriptomics	
2390	2018	Generation of Mycoplasma hominis gene-targeted mutants by targeting-induced local lesions in genomes (TILLING)	Mycoplasma hominis is a human urogenital pathogen involved in gynaecological, neonatal and extra-genital infections. However, no versatile genetic tools are currently available to study the pathogenicity of this bacterium. Targeting-Induced Local Lesions IN Genomes (TILLING) is a reverse-genetic method that combines point mutations induced by chemical mutagenesis with a DNA screening technique. We used ethyl methanesulfonate (EMS) that introduces C-G to T-A transition mutations to generate a library of M. hominis mutants. As a proof of concept, mutagenized organisms were screened for mutations in two target genes previously associated with the mycoplasma pathogenicity, the vaa gene encoding an adhesin lipoprotein and the oppA gene encoding the main ectoATPase of the bacterium. The resulting mutants were evaluated using functional assays, an adhesion to HeLa cell assay for vaa-mutants and an ATPase activity test for oppA-mutants. A 1200-clone library was generated by exposing M. hominis PG21 to 9 mg/mL EMS for 3 h. To identify mutants of interest, targeted gene fragments were amplified, heat-denatured, slowly reannealed and digested with the mismatch-specific endonuclease ENDO1. If multiple alleles were present in the PCR amplicons, these alleles formed heteroduplexes during reannealing that were specifically cleaved by ENDO1 at mismatching positions. A total of four vaa-mutants and two oppA-mutants harbouring missense mutations were obtained and fully sequenced. Zero to eight additional mutations were identified in the genomes of each mutant. The vaa-mutants were tested for adhesion to immobilized HeLa cells but their adhesion was not significantly different from the adhesion of M. hominis PG21. One of the two oppA-mutants that were tested for ATPase activity presented a higher affinity for its ATP substrate than the parental strain. For the first time, we demonstrated that M. hominis gene-targeted mutants could be successfully obtained using this TILLING strategy. In the absence of robust genetic tools for studying M. hominis, the TILLING strategy that can target any gene of the genome could help to elucidate gene functions and to better understand the pathogenesis of this human pathogenic species.	Bacteria, Pathogen	Functional analysis	Metabarcoding, (Meta)genomics	Ecosystem Dynamics & Biodiversity, Health & Disease
2433	2017	The Inuit gut microbiome is dynamic over time and shaped by traditional foods	BackgroundThe human gut microbiome represents a diverse microbial community that varies across individuals and populations, and is influenced by factors such as host genetics and lifestyle. Diet is a major force shaping the gut microbiome, and the effects of dietary choices on microbiome composition are well documented. However, it remains poorly known how natural temporal variation in diet can affect the microbiome. The traditional Inuit diet is primarily based on animal products, which are thought to vary seasonally according to prey availability. We previously investigated the Inuit gut microbiome sampled at a single time point, and found no detectable differences in overall microbiome community composition attributable to the traditional Inuit diet.ResultsTo determine whether seasonal changes in the Inuit diet might induce more pronounced changes in the microbiome, we collected stool and toilet paper samples, and dietary information from Inuit volunteers living in Resolute Bay (Nunavut, Canada), and compared them to individuals of European descent living in Montréal (Québec, Canada) consuming a typical Western diet. We sequenced the V4 region of the 16S rRNA gene to characterize microbiome diversity and composition, and compared samples collected with toilet paper or from stool. Our results show that these sampling methods provide similar, but non-identical portraits of the microbiome. Based on toilet paper samples, we found that much of the variation in microbiome community composition could be explained by individual identity (45–61% of variation explained, depending on the beta diversity metric used), with small but significant variation (3–5%) explained by sex or geography (Nunavut or Montréal). In contrast with our previous study at one time point, sampling over the course of a year revealed that diet explains 11% of variation in community composition across all participants, and 17% of variation specifically among Nunavut participants. However, we observed no clear seasonal shifts in the microbiomes of participants from either Nunavut or Montréal. Within-individual microbial diversity fluctuated more over time in Nunavut than in Montréal, consistent with a more variable and highly individualized diet in Nunavut.ConclusionsTogether, these results shows that the traditional Inuit diet and lifestyle has an impact on the composition, diversity and stability of the Inuit gut microbiome, even if the seasonality of the diet is less pronounced than expected, perhaps due to an increasingly westernized diet.	Microbiome	Community (taxonomy) profiling	Metabarcoding	Ecosystem Dynamics & Biodiversity
2533	2022	MuDoGeR: Multi-Domain Genome Recovery from metagenomes made easy	Several computational frameworks and workflows that recover genomes from prokaryotes, eukaryotes, and viruses from metagenomes exist. However, it is difficult for scientists with little bioinformatics experience to evaluate quality, annotate genes, dereplicate, assign taxonomy and calculate relative abundance and coverage of genomes belonging to different domains. MuDoGeR is a user-friendly tool accessible for non-bioinformaticians that make it easy to recover genomes of prokaryotes, eukaryotes, and viruses from metagenomes, either alone or in combination. We tested MuDoGer using 24 individual-isolated genomes and 574 metagenomes, demonstrating the applicability for a few samples and high throughput. MuDoGeR is open-source software available at https://github.com/mdsufz/MuDoGeR.	Bacteria, Virus, Eukaryote	Isolate, Community (taxonomy) profiling	(Meta)genomics, Metagenomics	
2724	2023	Reovirus genomic diversity confers plasticity for protease utility during adaptation to intracellular uncoating	ABSTRACT Mammalian orthoreoviruses (reoviruses) infect many mammals and provide a safe model to study enteric viruses. Knowledge of reoviruses is derived from prototypic lab strains, notably T1L and T3D. Based on these prototypic strains, reoviruses can efficiently utilize gut or lysosomal proteases for uncoating and penetration into host cytoplasm. To discover natural reovirus characteristics, we isolated four genetically diverse wastewater reovirus samples and compared their genetic and phenotypic characteristics to those of T1L/T3D. On L929 cells, the most commonly used model for reovirus studies, naturally derived reoviruses displayed lower fitness than T1L/T3D, evident from smaller plaques and higher relative particle-to-PFU ratios. In contrast to T1L/T3D, which are uncoated efficiently by lysosomal-mediated proteolysis, naturally derived reoviruses displayed poor uncoating kinetics. Exposure of naturally derived reoviruses to gut proteases led to rapid extracellular uncoating and significantly improved infectivity relative to T1L/T3D, indicating that wild reoviruses depended more on extracellular gut proteases. To discover if reovirus can adapt to new host proteases, naturally derived samples were passaged on L929 cells, and large and small plaque-forming isolates were evaluated. Larger plaque sizes correlate with faster intracellular uncoating. Whole-genome sequencing identified the outer capsid σ3 protein as the determinant of uncoating proficiency between wild reoviruses. Interestingly, mutations that permitted intracellular uncoating were found in 0.01% of the parental quasispecies, suggesting that variants with altered protease sensitivity were rapidly selected for during cell culture propagation. Altogether, these findings indicate that naturally circulating reoviruses are more reliant on gut proteases, but the genetic diversity of reovirus quasispecies bestows tremendous plasticity toward protease utility. IMPORTANCE Reoviruses infect many mammals and are widely studied as a model system for enteric viruses. However, most of our reovirus knowledge comes from laboratory strains maintained on immortalized L929 cells. Herein, we asked whether naturally circulating reoviruses possess the same genetic and phenotypic characteristics as laboratory strains. Naturally circulating reoviruses obtained from sewage were extremely diverse genetically. Moreover, sewage reoviruses exhibited poor fitness on L929 cells and relied heavily on gut proteases for viral uncoating and productive infection compared to laboratory strains. We then examined how naturally circulating reoviruses might adapt to cell culture conditions. Within three passages, virus isolates from the parental sewage population were selected, displaying improved fitness and intracellular uncoating in L929 cells. Remarkably, selected progeny clones were present at 0.01% of the parental population. Altogether, using reovirus as a model, our study demonstrates how the high genetic diversity of naturally circulating viruses results in rapid adaptation to new environments. Reoviruses infect many mammals and are widely studied as a model system for enteric viruses. However, most of our reovirus knowledge comes from laboratory strains maintained on immortalized L929 cells. Herein, we asked whether naturally circulating reoviruses possess the same genetic and phenotypic characteristics as laboratory strains. Naturally circulating reoviruses obtained from sewage were extremely diverse genetically. Moreover, sewage reoviruses exhibited poor fitness on L929 cells and relied heavily on gut proteases for viral uncoating and productive infection compared to laboratory strains. We then examined how naturally circulating reoviruses might adapt to cell culture conditions. Within three passages, virus isolates from the parental sewage population were selected, displaying improved fitness and intracellular uncoating in L929 cells. Remarkably, selected progeny clones were present at 0.01% of the parental population. Altogether, using reovirus as a model, our study demonstrates how the high genetic diversity of naturally circulating viruses results in rapid adaptation to new environments.	Virus	Isolate, Community (taxonomy) profiling, Variant	(Meta)genomics	Ecosystem Dynamics & Biodiversity, Health & Disease
2737	2023	New Bacteriophages Members of the Ackermannviridae Family Specific for Klebsiella pneumoniae ST258	Background: Carbapenem-resistant Klebsiella pneumoniae, particularly isolates classified as sequence-type 258 (ST258), are multidrug-resistant strains that are strongly associated with poor-prognosis nosocomial infections, as current therapeutic options are limited and ineffective. In recent years, phage therapy has emerged as a promising treatment option for these scenarios. Methodology and Results: We report the isolation and characterization of three new phages against Klebsiella pneumoniae ST258 strains recovered from Machángara river wastewater. These new members of the Ackermannviridae family showed stability over a wide temperature and pH range and burst sizes ranging from 6 to 44 plaque-forming units per bacteria. Their genomes were about 157 kilobases, with an average guanine-cytosine content of 46.4% and showed presence of several transfer RNAs, which also allowed us to predict in silico a lytic replicative cycle due to the presence of endolysins and lysozymes. Conclusion: Three lytic phages of Ackermannviridae family were recovered against Klebsiella pneumoniae ST258 strains from sewage; however, further characterization is needed for future consideration as therapeutic alternatives.	Bacteria, Virus	Isolate, AMR	(Meta)genomics	Ecosystem Dynamics & Biodiversity, Health & Disease
2739	2023	Paslahepevirus balayani (Hepatitis E Virus) in Italian Nonungulate Wildlife: Molecular Detection and Characterization of an Isolate from a Crested Porcupine (Hystrix cristata)	Abstract: Paslahepevirus balayani (hepatitis E virus [HEV]) is the causative agent of hepatitis E, a worldwide zoonosis involving a wide range of hosts among domestic and wild animals. This species is characterized by a great genomic heterogeneity and includes eight genotypes, HEV-1 to HEV-8. The HEV-3 genotype is one of the most common types circulating in Italy in humans and Suidae. Although domestic and wild Sus scrofa and deer (Cervidae) are recognized as the main reservoirs of HEV, several other wild species are potential carriers. A total of 228 liver samples were collected from nonungulate wild animals, found dead, in the framework of the regional passive surveillance program in Umbria and Marche regions (central Italy) during 2018–20. These were tested using real-time reverse-transcriptase PCR (RT-PCR) for detection of RNA of HEV-1 to HEV-4 and confirmed by nested RT-PCR assay. One of the 11 samples collected from crested porcupines (Hystrix cristata) tested positive for the presence of HEV RNA; all other samples were negative. Sequence analysis based on the full-length genome revealed that this isolate, 49434/UM/2018 (accession no. OL658617), belongs to the HEV-3e subtype. These findings suggest a potential role of crested porcupines as a carrier of HEV infection.	Virus	Isolate	(Meta)genomics	Health & Disease
2825	2023	A mixed amplicon metabarcoding and sequencing approach for surveillance of drug resistance to levamisole and benzimidazole in Haemonchus spp	Anthelmintic resistant parasitic nematodes present a significant threat to sustainable livestock production worldwide. The ability to detect the emergence of anthelmintic resistance at an early stage, and therefore determine which drugs remain most effective, is crucial for minimising production losses. Despite many years of research into the molecular basis of anthelmintic resistance, no molecular-based tools are commercially available for the diagnosis of resistance as it emerges in field settings. We described a mixed deep amplicon sequencing approach to determine the frequency of the levamisole (LEV) resistant single nucleotide polymorphism (SNP) within arc-8 exon 4 (S168T) in Haemonchus spp., coupled with benzimidazole (BZ) resistance SNPs within β-tubulin isotype-1 and ITS-2 nemabiome. This constitutes the first multi-drug and multi-species molecular diagnostic developed for helminths of veterinary importance. Of the ovine, bovine, caprine and camelid Australian field isolates we tested, S168T was detected in the majority of Haemonchus spp. populations from sheep and goats, but rarely at a frequency greater than 16%; an arbitrary threshold we set based on whole genome sequencing of LEV resistant H. contortus GWBII. Overall, BZ resistance was far more prevalent in Haemonchus spp. than LEV resistance, confirming that LEV is still an important anthelmintic class for small ruminants in New South Wales. The mixed amplicon metabarcoding approach described herein, paves the way towards the use of large scale sequencing as a surveillance technology in the field, the results of which can be translated into evidence-based recommendations for the livestock sector.		Isolate, AMR, SNP	Metabarcoding, (Meta)genomics	Health & Disease
2861	2022	Iron-Induced Respiration Promotes Antibiotic Resistance in Actinomycete Bacteria	A widely investigated mode of antibiotic resistance occurs via mutations and/or by horizontal acquisition of resistance genes. In addition to this acquired resistance, most bacteria exhibit intrinsic resistance as an inducible and adaptive response to different classes of antibiotics. ABSTRACT The bacterial response to antibiotics eliciting resistance is one of the key challenges in global health. Despite many attempts to understand intrinsic antibiotic resistance, many of the underlying mechanisms still remain elusive. In this study, we found that iron supplementation promoted antibiotic resistance in Streptomyces coelicolor. Iron-promoted resistance occurred specifically against bactericidal antibiotics, irrespective of the primary target of antibiotics. Transcriptome profiling revealed that some genes in the central metabolism and respiration were upregulated under iron-replete conditions. Iron supported the growth of S. coelicolor even under anaerobic conditions. In the presence of potassium cyanide, which reduces aerobic respiration of cells, iron still promoted respiration and antibiotic resistance. This suggests the involvement of a KCN-insensitive type of respiration in the iron effect. This phenomenon was also observed in another actinobacterium, Mycobacterium smegmatis. Taken together, these findings provide insight into a bacterial resistance strategy that mitigates the activity of bactericidal antibiotics whose efficacy accompanies oxidative damage by switching the respiration mode. IMPORTANCE A widely investigated mode of antibiotic resistance occurs via mutations and/or by horizontal acquisition of resistance genes. In addition to this acquired resistance, most bacteria exhibit intrinsic resistance as an inducible and adaptive response to different classes of antibiotics. Increasing attention has been paid recently to intrinsic resistance mechanisms because this may provide novel therapeutic targets that help rejuvenate the efficacy of the current antibiotic regimen. In this study, we demonstrate that iron promotes the intrinsic resistance of aerobic actinomycetes Streptomyces coelicolor and Mycobacterium smegmatis against bactericidal antibiotics. A surprising role of iron to increase respiration, especially in a mode of using less oxygen, appears a fitting strategy to cope with bactericidal antibiotics known to kill bacteria through oxidative damage. This provides new insights into developing antimicrobial treatments based on the availability of iron and oxygen.	Bacteria	AMR	(Meta)transcriptomics	Health & Disease
2873	2021	Whole Genome Sequencing and Phylogenetic Analysis of Rabies Viruses from Bats in Connecticut, USA, 2018–2019	We performed whole genome sequencing and genetic characterization of rabies viruses (RABV) detected in bats submitted to the Connecticut Veterinary Medical Diagnostic Laboratory (CVMDL) during 2018–2019. Among 88 bats submitted to CVMDL, six brain samples (6.8%, 95% confidence interval: 1.6% to 12.1%) tested positive by direct fluorescent antibody test. RABVs were detected in big brown bats (Eptesicus fuscus, n = 4), a hoary bat (Lasiurus cinereus, n = 1), and an unidentified bat species (n = 1). Complete coding sequences of four out of six detected RABVs were obtained. In phylogenetic analysis, the RABVs (18-62, 18-4347, and 19-2274) from big brown bats belong to the bats EF-E1 clade, clustering with RABVs detected from the same bat species in Pennsylvania and New Jersey. The bat RABV (19-2898) detected from the migratory hoary bat belongs to the bats LC clade, clustering with the eleven viruses detected from the same species in Arizona, Washington, Idaho, and Tennessee. The approach used in this study generated novel data regarding genetic relationships of RABV variants, including their reservoirs, and their spatial origin and it would be useful as reference data for future investigations on RABV in North America. Continued surveillance and genome sequencing of bat RABV would be needed to monitor virus evolution and transmission, and to assess the emergence of genetic mutations that may be relevant for public health.	Virus	Variant	(Meta)genomics	Ecosystem Dynamics & Biodiversity, Health & Disease
2960	2025	Detection of invasive Aedes vittatus mosquitoes in Jamaica: molecular identification and surveillance implications	Aedes vittatus, an emerging invasive mosquito of significant public health concern has slowly made its way onto the global radar. With a known geographical range in Africa and Asia, where it is a competent vector for several arboviruses, this mosquito has now been reported in the Americas. As the spread of this mosquito has been partly linked to transcontinental trade and travel, Jamaica, the largest English-speaking country in the Caribbean, which serves as a central hub for trade and transport throughout the region, has been on alert since its identification in neighboring Dominican Republic and Cuba. BG sentinel traps baited with dry ice and a Prokopack aspirator were used to collect adult mosquitoes whereas disposable plastic pipettes were utilized for the collection of immature stages. Larvae were reared to adults, and all mosquitoes were identified using taxonomic keys. Using a genome skimming approach, the mitochondrial genome from two specimens was sequenced and a section of the cytochrome c oxidase subunit I gene was extracted from each mitochondrial genome and used for phylogenetic analysis. Through ongoing surveillance efforts from January 2023 to October 2024, we report the detection of Ae. vittatus across six locations in four parishes in Jamaica. Both larvae and adults were collected from rural and urban areas in the country. Additionally, we present the first complete annotated mitochondrial genomes from two specimens of this invasive mosquito species. Phylogenetic analysis using the cytochrome c oxidase subunit I gene extracted from the derived mitochondrial genomes of Jamaican Ae. vittatus and available sequences from the GenBank database revealed clustering with specimens from Cuba, Nepal, and India. This study is the first confirmed report of Ae. vittatus in Jamaica. Furthermore, it highlights the benefits of routine surveillance and the power of molecular approaches to identify invasive species and their potential origins.	Virus	Community (taxonomy) profiling	(Meta)genomics	Ecosystem Dynamics & Biodiversity, Health & Disease
2969	2025	Infection-Mediated Shifts in the Microbial Communities of Deer-Fed Ixodes scapularis Ticks	The holobiont of the blacklegged tick (Ixodes scapularis) includes maternally inherited rickettsial endosymbionts and environmentally acquired microbes that may influence tick fitness and vector competence. While previous studies have focused on characterizing the microbiota of I. scapularis ticks, less is known about the influence of tick infection status on microbial assemblages. Here, we collected engorged female I. scapularis ticks from hunter-harvested white-tailed deer (Odocoileus virginianus) across 11 counties in Wisconsin during fall 2022. The ticks were maintained in laboratory conditions for oviposition and then frozen for nucleic acid extraction. The infection status of each tick was determined using qPCR, targeting Borrelia spp., Babesia spp., and Powassan virus. Bacterial and fungal communities were characterized through amplicon-based sequencing targeting the 16S rRNA gene and ITS2 region, respectively. Our targeted pathogen testing revealed that 14.1% of the collected ticks were infected with Babesia odocoilei and 23.3% with Borrelia burgdorferi. The microbial community composition of ticks was significantly influenced by infection status and pathogen identity. Notably, Borrelia-infected ticks exhibited distinct microbiota profiles and increased microbial network connectivity. These findings provide new insights into the microbial ecology of deer-fed I. scapularis ticks and highlight the role of infection in shaping both microbiota and mycobiota communities.	Bacteria, Virus, Microbiome, Pathogen	Community (taxonomy) profiling	Metabarcoding	Ecosystem Dynamics & Biodiversity, Health & Disease
2999	2025	Distinct microbiome variation in children and adults following RSV infection and its association with host response.		Microbiome			Health & Disease
3025	2025	Differential Expression of Epstein–Barr Virus Sequences in Various Breast Cancer Subtypes	Background/Objectives: Breast cancer (BC) is the most common source of new cancer diagnoses among women and the second leading cause of cancer-related deaths in this group. The role of viral factors in the etiology, heterogeneity, and pathogenesis of this disease and its subtypes has not been incontrovertibly determined. Thus, in this study we began to address this problem by testing the hypothesis that the oncogenic Epstein–Barr virus (EBV) plays a role in this process. The approach involved determining the differential expression and predicted role of EBV gene sequences present in various subtypes of breast tumors as compared to those in control normal tissues. Methods: We utilized existing deep sequencing RNA-seq datasets derived from seventeen breast tumors and three control normal breast tissue samples to investigate the differential expression of EBV gene sequences. Results: We report three-fold higher levels of normalized total EBV-expressed sequences in tumors as compared to in control breast tissue. We also demonstrate differential expression of EBV gene transcript sequences in four categories of 26 known genes in breast cancer tumors as compared to that in normal breast tissue controls. Tumor-specific expression of EBV gene transcript sequences localized to seventeen genes; of these, tumor-specific EBV gene transcript-expressed sequences localizing to nine genes were strongly differentially expressed in a breast cancer subtype-specific manner. Furthermore, in a proof-of-concept investigation, we report, for the first time, that functional analysis of the differentially expressed integrated EBV transcript sequences demonstrate the capacity of these sequences to generate novel EBV miRNAs. We conclude that these integrated EBV sequences could potentially play a role in the pathogenesis of BC and its most aggressive subtypes. The functional role of these findings is currently under study.	Virus, Pathogen	Functional analysis		Health & Disease
3058	2025	Comprehensive identification of hub mRNAs and lncRNAs in colorectal cancer using galaxy: an in silico transcriptome analysis	Colorectal cancer (CRC) is the second leading cause of cancer-related mortality. Using the Galaxy platform, the present study aimed to assess the differentially expressed genes (DEGs) in CRC patients. The expression data was obtained from the Gene Expression Omnibus database (GSE137327). DEGs were analyzed using Gene Ontology (GO) and GeneMANIA databases to detect the most critical biological pathways and processes. Protein–Protein Interaction Studies (PPIS) identified four hub genes (CCN1, CCL2, FLNC, MYH11). This article presents findings on three mRNAs (CEMIP, MMP7, and DPEP1) and also two notable lncRNAs, EVADR and DLX6-AS1, that have an impact on CRC pathogenesis and play a role in the epithelial-mesenchymal transition in tumor cells. The identified genes and lncRNAs are putative therapeutic targets and diagnostic markers. For instance, CRISPR/Cas9 editing systems can be designed in order to modulate expression of these genes, or edit them for the purpose of inducing sensitivity to conventional therapies. Besides, these genes can be incorporated into clinical prognostic models, offering panels of genes to choose appropriate personalized methods of treatment. Together, these genes represent novel markers and possible therapeutic targets for CRC.	Pathogen	Interactome	(Meta)transcriptomics	Health & Disease
